<?xml version="1.0" encoding="UTF-8"?>
<project-private xmlns="http://www.netbeans.org/ns/project-private/1">
    <editor-bookmarks xmlns="http://www.netbeans.org/ns/editor-bookmarks/2" lastBookmarkId="0"/>
    <open-files xmlns="http://www.netbeans.org/ns/projectui-open-files/2">
        <group>
            <file>file:/C:/Users/Román/Documents/NetBeansProjects/Antunez.Parcial1.122/src/antunez/parcial1/pkg122/Planta.java</file>
            <file>file:/C:/Users/Román/Documents/NetBeansProjects/Antunez.Parcial1.122/src/antunez/parcial1/pkg122/Arbol.java</file>
            <file>file:/C:/Users/Román/Documents/NetBeansProjects/Antunez.Parcial1.122/src/antunez/parcial1/pkg122/Arbusto.java</file>
            <file>file:/C:/Users/Román/Documents/NetBeansProjects/Antunez.Parcial1.122/src/antunez/parcial1/pkg122/Flor.java</file>
            <file>file:/C:/Users/Román/Documents/NetBeansProjects/Antunez.Parcial1.122/src/antunez/parcial1/pkg122/JardinBotanico.java</file>
            <file>file:/C:/Users/Román/Documents/NetBeansProjects/Antunez.Parcial1.122/src/antunez/parcial1/pkg122/PlantaDuplicadaException.java</file>
            <file>file:/C:/Users/Román/Documents/NetBeansProjects/Antunez.Parcial1.122/src/antunez/parcial1/pkg122/Aroma.java</file>
        </group>
    </open-files>
</project-private>
